threads,time
1,0.323411
2,0.20698
3,0.210959
4,0.189435
5,0.198325
6,0.195655
7,0.182229
8,0.18533
9,0.173067
10,0.240936
11,0.29976
12,0.36938
13,0.215769
14,0.257143
15,0.354221
16,0.367658
17,0.402542
18,0.346419
19,0.323696
20,0.413759
21,0.386774
22,0.217826
23,0.324197
24,0.335243
25,0.364774
26,0.28979
27,0.225105
28,0.234322
29,0.249849